Feature,Domain,Test_Used,Test_Statistic,p_value,ANOVA_p,Kruskal_p,Mean_Level_1,Mean_Level_2,Mean_Level_3,Mean_Level_4,Corr_Flight_Error_rho,Corr_Flight_Error_p,Valid_N,q_value_FDR,Significant_p05
overall_gaze_entropy_LY,Oculomotor (Pupil/Gaze),ANOVA (F),12.767766900783817,5.636266035236798e-08,5.636266035236798e-08,3.3987424266241843e-07,17.06882087271289,17.26572569571387,17.43573594434667,17.55178055813294,-0.03268909966042968,0.5176504223144159,394,4.2271995264275985e-06,True
gaze_entropy_y,Oculomotor (Pupil/Gaze),Kruskal-Wallis (H),33.63166630343835,2.369582510526162e-07,1.4701657795754136e-06,2.369582510526162e-07,2.3095620912223844,2.251458814749421,2.1693066182587466,2.131019184849549,0.07583508154249191,0.13292537700133178,394,7.099693527274032e-06,True
psd_max_LY,Oculomotor (Pupil/Gaze),Kruskal-Wallis (H),33.259043843745076,2.839877410909613e-07,5.824011787974128e-07,2.839877410909613e-07,2.3454691116566556e-05,2.0391159392851723e-05,1.8078984687265004e-05,1.7058446774294855e-05,0.11447458323789099,0.023055642924575785,394,7.099693527274032e-06,True
pupil_diam_kurt,Oculomotor (Pupil/Gaze),Kruskal-Wallis (H),32.42348662536233,4.261109799958048e-07,1.580473121990958e-05,4.261109799958048e-07,0.4983348682712139,0.7325767510044259,1.7124855569778452,1.1688143986779984,0.0808467725124132,0.10909200484079674,394,7.98958087492134e-06,True
overall_gaze_entropy_RY,Oculomotor (Pupil/Gaze),ANOVA (F),10.998950781280763,6.008695456906485e-07,6.008695456906485e-07,1.4548709704633276e-06,17.120711091146152,17.317722088989072,17.47285035214287,17.578144954255848,-0.06893655092107773,0.17205545555248192,394,9.013043185359727e-06,True
psd_max_RY,Oculomotor (Pupil/Gaze),Kruskal-Wallis (H),30.858558084168635,9.103803881351818e-07,1.22708525178377e-06,9.103803881351818e-07,2.2522319415821377e-05,1.97433929524513e-05,1.7555634621593243e-05,1.686695134850689e-05,0.15860920866823985,0.0015868379959091284,394,1.1379754851689773e-05,True
pupil_diam_kurt_R,Oculomotor (Pupil/Gaze),Kruskal-Wallis (H),20.28660432389529,0.0001480389549807122,0.002226167980734566,0.0001480389549807122,24.334511246458575,25.444882717904193,30.599955348224228,32.30664333029885,-0.05133775400943616,0.30941132119099723,394,0.0015861316605076308,True
fix_dur_skew,Oculomotor (Pupil/Gaze),Kruskal-Wallis (H),19.951480875536845,0.00017371807598738843,0.4286699311990384,0.00017371807598738843,3.5767002888427264,3.4341840260498664,3.3019216349449128,3.136929879031586,-0.10141267725908926,0.044243375190117895,394,0.0016286069623817664,True
overall_gaze_entropy_RZ,Oculomotor (Pupil/Gaze),Kruskal-Wallis (H),18.610606599978382,0.00032905719176748433,0.0007380197135288478,0.00032905719176748433,15.481644872004402,15.649417804103596,15.864289309504324,16.17539011634186,0.00519032957891417,0.9182022977163228,394,0.002742143264729036,True
pupil_diam_skew_R,Oculomotor (Pupil/Gaze),Kruskal-Wallis (H),17.86266537273491,0.00046948653566583897,0.003661955657649881,0.00046948653566583897,-4.402644093726222,-4.478503478558947,-4.915814731540374,-4.824706480887639,0.07304828000253095,0.14781453972474282,394,0.0032270790705671805,True
pupil_diam_kurt_L,Oculomotor (Pupil/Gaze),Kruskal-Wallis (H),17.84560156225666,0.0004733049303498531,0.004163984946306306,0.0004733049303498531,23.350214955815265,24.3711373325221,28.307958530858947,31.244091525396676,-0.09070142386056573,0.07211997289813368,394,0.0032270790705671805,True
psd_max_RZ,Oculomotor (Pupil/Gaze),Kruskal-Wallis (H),17.35122233476045,0.0005983989130025647,0.00046351292236660846,0.0005983989130025647,7.464808107030992e-05,7.125504651006031e-05,6.1019895953988985e-05,5.214097871280933e-05,0.022684748961742787,0.6534990773787639,394,0.0037399932062660295,True
fix_density_kurt,Oculomotor (Pupil/Gaze),Kruskal-Wallis (H),16.192188236572065,0.0010356012199269735,0.48474095480258195,0.0010356012199269735,50.57102095925814,53.57621619747112,50.8964772367929,78.77173405601674,-0.03294003736597813,0.5144394868136347,394,0.005875674053116876,True
fix_density_skew,Oculomotor (Pupil/Gaze),Kruskal-Wallis (H),16.07063230196377,0.0010967924899151502,0.08925241428131095,0.0010967924899151502,5.8749480235144995,5.965629565288316,6.3033940047069725,7.256547493409094,-0.03534170152048826,0.48423809560230197,394,0.005875674053116876,True
overall_gaze_entropy_LZ,Oculomotor (Pupil/Gaze),Kruskal-Wallis (H),15.908404612843924,0.0011840849270691308,0.00241133831691378,0.0011840849270691308,15.41188804492359,15.539577471264394,15.755768308400066,16.045616396779792,-0.036378609865932755,0.4715010486607714,394,0.005920424635345654,True
psd_max_LZ,Oculomotor (Pupil/Gaze),Kruskal-Wallis (H),15.447141861048976,0.001471792245508359,0.10386023310599118,0.001471792245508359,7.889919267027339e-05,7.892568538221853e-05,6.948873815971179e-05,6.229281505270747e-05,0.0621390624563152,0.21843662243493744,394,0.006899026150820433,True
pupil_diam_stdev_R,Oculomotor (Pupil/Gaze),Kruskal-Wallis (H),15.11787352900842,0.0017186387913081674,0.005699266251630454,0.0017186387913081674,0.8410724158006985,0.824641320329176,0.7763078476659688,0.7337305588181525,0.13220326346546146,0.008604925862409907,394,0.007582229961653679,True
pupil_diam_std_mm,Oculomotor (Pupil/Gaze),ANOVA (F),5.069845298484621,0.0018690884616643139,0.0018690884616643139,0.0020039011908373596,0.3205044221222716,0.30148015007542656,0.26923898595984347,0.3025194453766582,0.2085089267802426,3.025035280185543e-05,394,0.007787868590267973,True
pupil_diam_skew_L,Oculomotor (Pupil/Gaze),Kruskal-Wallis (H),14.731437950571262,0.002061148864506592,0.09456470575728096,0.002061148864506592,-4.349181032574737,-4.373516506948587,-4.678478753824411,-4.714396273197618,0.10084527159494062,0.04545019726244161,394,0.00813611393884181,True
fix_density_mean,Oculomotor (Pupil/Gaze),Kruskal-Wallis (H),14.28612683134952,0.002540458214054335,0.06753886434152925,0.002540458214054335,0.018084033769422907,0.017737650875530187,0.016586374399001746,0.015004775833587485,0.06212140460369647,0.21856775299489353,394,0.009526718302703756,True
pupil_diam_skew,Oculomotor (Pupil/Gaze),Kruskal-Wallis (H),13.918006588452272,0.003018911069578983,0.003338031877900761,0.003018911069578983,-0.15209123253497003,-0.018717724802851568,0.016157591948596846,0.1850657478979844,-0.05112370159602462,0.3114355728839406,394,0.01078182524849637,True
fix_dur_stdev,Oculomotor (Pupil/Gaze),Kruskal-Wallis (H),13.289519339750314,0.004050555084444207,0.5286551161897958,0.004050555084444207,1.500565401653727e-06,1.4519615754765218e-06,1.4569289616664143e-06,1.367172139386604e-06,-0.09931688635160807,0.048839129614104325,394,0.013677180960166709,True
fix_dur_kurt,Oculomotor (Pupil/Gaze),Kruskal-Wallis (H),13.214823349856488,0.004194335494451124,0.815789629515908,0.004194335494451124,26.670675555226982,28.147374316964193,24.928841309013716,20.96144890959636,-0.12509950935694514,0.012953896582002732,394,0.013677180960166709,True
emg_extensor_rms_mV,Muscular/Motion (EMG),Kruskal-Wallis (H),11.190747535612218,0.010737905589216492,0.3814787129940796,0.010737905589216492,0.012598006141470776,0.011841173618539997,0.013667444255850226,0.01446724213061647,0.13431442634664267,0.006587335014615741,408,0.03355595496630154,True
fix_density_stdev,Oculomotor (Pupil/Gaze),ANOVA (F),3.5856462911470524,0.013937630375094876,0.013937630375094876,0.0029728466311330537,0.0713437215554698,0.07029516382187262,0.06767340006990075,0.061805100314076544,0.037205782161939184,0.4614737560419382,394,0.04181289112528463,True
eyes_closed_fraction_R,Oculomotor (Pupil/Gaze),Kruskal-Wallis (H),10.319008743311997,0.016040295765357652,0.4128404797073083,0.016040295765357652,0.0391893479395404,0.031403633474467535,0.03480159321854944,0.026398218336534204,0.08235651891131489,0.10261415149595006,394,0.046270083938531686,True
emg_flexor_rms_mV,Muscular/Motion (EMG),Kruskal-Wallis (H),9.815522713102837,0.020201140130519497,0.2686119261536307,0.020201140130519497,0.012182252155089083,0.011837692082369768,0.013227685486641683,0.014322381613359287,0.12135500169442352,0.014174837936702144,408,0.05611427814033194,True
eyes_closed_fraction_L,Oculomotor (Pupil/Gaze),Kruskal-Wallis (H),9.212325201657677,0.02659713269732915,0.8606320098435747,0.02659713269732915,0.039832474198313914,0.03611779271519064,0.040211033611909086,0.0305113603882973,0.038187951164265606,0.44972320264436444,394,0.07124231972498879,True
psd_max_RX,Oculomotor (Pupil/Gaze),Kruskal-Wallis (H),7.323175588943059,0.06228019959858192,0.1701469344635816,0.06228019959858192,9.778602738978769e-06,8.957413097171507e-06,9.048261331796202e-06,1.0395909193696912e-05,-0.11030968440021915,0.02857408879681826,394,0.16106948172047048,False
overall_gaze_entropy_RX,Oculomotor (Pupil/Gaze),Kruskal-Wallis (H),7.051920474877306,0.07026117394793908,0.20914133936987972,0.07026117394793908,18.31628365719952,18.471448806587077,18.483579317337043,18.270214424178462,0.16057511625979212,0.001383966411229689,394,0.1756529348698477,False
emg_forearm_motion_energy,Muscular/Motion (EMG),Kruskal-Wallis (H),6.354067689404474,0.09559883592646333,0.15155424641622814,0.09559883592646333,0.349329788942627,0.31137840108433473,0.3399467457744342,0.3567404268061062,0.05532955389132578,0.2648385709111036,408,0.2312875062737016,False
pupil_diam_stdev_L,Oculomotor (Pupil/Gaze),ANOVA (F),1.9864022110286341,0.11548239085534476,0.11548239085534476,0.0022571587621796054,0.8518648310076409,0.8479078258182797,0.8110407878816683,0.7653893182138348,0.145833556100224,0.0037192549169552404,394,0.2706618535672143,False
psd_max_LX,Oculomotor (Pupil/Gaze),Kruskal-Wallis (H),3.6130861526576155,0.3063886795392345,0.46919598525311534,0.3063886795392345,9.53535939175913e-06,9.126133148068763e-06,9.075308893233957e-06,1.0106762956600234e-05,-0.18979160300438552,0.00015077644401433347,394,0.6718871185256783,False
ecg_hr_std,Cardiovascular (ECG/HRV),Kruskal-Wallis (H),3.407909615531935,0.3329038027839536,0.7103205319539827,0.3329038027839536,7.738188503869756,7.276792584802393,7.8419948368523915,8.25429449311073,0.31038876688874834,2.101574293935531e-10,401,0.6718871185256783,False
overall_gaze_entropy_LX,Oculomotor (Pupil/Gaze),Kruskal-Wallis (H),3.3410336119702606,0.3419722416780315,0.5896802968828034,0.3419722416780315,18.36457213563906,18.423503094292265,18.491813721806714,18.324330349367354,0.21933770299786193,1.1153466620299606e-05,394,0.6718871185256783,False
psd_freq_of_max_RY,Oculomotor (Pupil/Gaze),Kruskal-Wallis (H),3.2875350749297922,0.34938130163335274,0.21741151477379456,0.34938130163335274,85.23638818284357,85.23041756743476,85.2183525147911,85.17001814534785,0.048900970348050986,0.3329685328698097,394,0.6718871185256783,False
psd_freq_of_max_RX,Oculomotor (Pupil/Gaze),Kruskal-Wallis (H),3.2875350749297922,0.34938130163335274,0.21741151477379456,0.34938130163335274,85.23638818284357,85.23041756743476,85.2183525147911,85.17001814534785,0.048900970348050986,0.3329685328698097,394,0.6718871185256783,False
psd_freq_of_max_LY,Oculomotor (Pupil/Gaze),Kruskal-Wallis (H),3.2875350749297922,0.34938130163335274,0.21741151477379456,0.34938130163335274,85.23638818284357,85.23041756743476,85.2183525147911,85.17001814534785,0.048900970348050986,0.3329685328698097,394,0.6718871185256783,False
psd_freq_of_max_LX,Oculomotor (Pupil/Gaze),Kruskal-Wallis (H),3.2875350749297922,0.34938130163335274,0.21741151477379456,0.34938130163335274,85.23638818284357,85.23041756743476,85.2183525147911,85.17001814534785,0.048900970348050986,0.3329685328698097,394,0.6718871185256783,False
delta_HR,Personalized Delta,Kruskal-Wallis (H),3.1559815485670697,0.3681954797557817,0.30898609541499766,0.3681954797557817,4.623632360157512,4.32425184433986,5.446859992633024,6.343383555528738,0.10545908614550764,0.039642386034413564,381,0.6903665245420907,False
fix_dur_mean,Oculomotor (Pupil/Gaze),Kruskal-Wallis (H),3.0378158452740536,0.385831386145804,0.4736224578226188,0.385831386145804,1.772293082824297e-06,1.768813476280999e-06,1.7165065798252596e-06,1.7326329552228941e-06,-0.10345843758415071,0.040113566593851534,394,0.7057891209984218,False
gaze_entropy_x,Oculomotor (Pupil/Gaze),ANOVA (F),0.886590593399701,0.4480777636029616,0.4480777636029616,0.47261194734898304,1.7938446638347312,1.814074592914867,1.7615350657888522,1.7771207869794226,-0.15982112595297224,0.0014587772977776956,394,0.7867298602071514,False
ecg_rr_sdnn_ms,Cardiovascular (ECG/HRV),Kruskal-Wallis (H),2.636892728614839,0.45105845318543347,0.9303659652045352,0.45105845318543347,83.4591555111952,80.39722842243918,83.50545699158634,85.63717731858141,0.17076227342092531,0.000594539916164882,401,0.7867298602071514,False
ecg_hr_mean,Cardiovascular (ECG/HRV),ANOVA (F),0.8489696279409502,0.46775454253201576,0.46775454253201576,0.5712485548911452,73.37375970833823,72.81328473232122,74.64052182673451,75.2101550752095,0.1712238061562512,0.0005742068228855657,401,0.797308879315936,False
psd_freq_of_max_RZ,Oculomotor (Pupil/Gaze),Kruskal-Wallis (H),2.35647957785136,0.5017873445464887,0.8471124576884994,0.5017873445464887,108.96117178639074,107.38708204968854,104.54120032037456,105.5988937848446,-0.033488607987333434,0.5074562067937095,394,0.8363122409108144,False
psd_freq_of_max_LZ,Oculomotor (Pupil/Gaze),Kruskal-Wallis (H),1.8519566484344523,0.6036943739069356,0.7772028265234072,0.6036943739069356,107.20956881306415,109.09308053269679,103.66148440001575,107.30739135849377,0.01375379950391244,0.7855062251523571,394,0.9272240561652461,False
delta_HRV_SDNN,Personalized Delta,Kruskal-Wallis (H),1.8418938201300534,0.6058610794524826,0.9946061627975831,0.6058610794524826,-9.585153473528225,-9.526224007962323,-7.910461979372594,-6.877815236439266,0.3390157588802364,1.0613070525319872e-11,381,0.9272240561652461,False
delta_EDA_conductance,Personalized Delta,Kruskal-Wallis (H),1.7637346820956736,0.622858289775263,0.6756407987898105,0.622858289775263,0.8785347730644706,0.7413056663114921,1.048635160479978,0.8762088275976849,0.1091063094944644,0.03516854622529257,373,0.9272240561652461,False
delta_EDA_tonic,Personalized Delta,Kruskal-Wallis (H),1.7548617825386827,0.6248064220585337,0.6756924829427229,0.6248064220585337,0.8784208805253123,0.7412882701180974,1.048593639363969,0.8760964381662872,0.10935303968355638,0.03475473696169006,373,0.9272240561652461,False
ecg_rr_mean_ms,Cardiovascular (ECG/HRV),ANOVA (F),0.5848062878461624,0.6252694689308405,0.6252694689308405,0.5924200998882501,850.2363583015492,854.2472785142844,837.6011951342156,832.4408689520479,-0.13968064912346004,0.005076791800370495,401,0.9272240561652461,False
sac_peak_vel_stdev,Oculomotor (Pupil/Gaze),ANOVA (F),0.576862674040705,0.6305123581923673,0.6305123581923673,0.20638697893642327,0.12652709476687526,0.12413908214614557,0.12007245056396748,0.11817859308993521,0.0797941682979743,0.11379595410512806,394,0.9272240561652461,False
sac_peak_vel_mean,Oculomotor (Pupil/Gaze),Kruskal-Wallis (H),1.220966580132199,0.7479801766344969,0.9663115811531133,0.7479801766344969,0.04527905957889552,0.045096098262134475,0.044605743043036154,0.046199577114869335,0.14248562724371222,0.004600604457498199,394,0.9995216065845748,False
eda_phasic_peak_rate_per_min,Electrodermal (EDA),Kruskal-Wallis (H),0.964641668165228,0.8098067306912999,0.8441357763157205,0.8098067306912999,8.202129193598283,8.283816984350148,8.39833502730428,8.851772374348217,-0.10345969707333258,0.04329007329562214,382,0.9995216065845748,False
pupil_diam_mean_R,Oculomotor (Pupil/Gaze),ANOVA (F),0.31397850006366546,0.8152811286898536,0.8152811286898536,0.7854085943978981,3.450599199274804,3.496794292687731,3.537618894565544,3.5227710468899467,0.2221109668508152,8.567796677524241e-06,394,0.9995216065845748,False
eda_tonic_mean_uS,Electrodermal (EDA),Kruskal-Wallis (H),0.8722881728776883,0.8321096304500208,0.996275101529802,0.8321096304500208,4.480012073687716,4.324824590798583,4.444247340271577,4.472409300160667,-0.08632075304148967,0.09203865213968344,382,0.9995216065845748,False
eda_conductance_mean_uS,Electrodermal (EDA),Kruskal-Wallis (H),0.8669092788220496,0.8334051118927859,0.9962691108776811,0.8334051118927859,4.480094605186039,4.324812693911123,4.444243726836726,4.472489268469512,-0.08624476087277329,0.09232636189486512,382,0.9995216065845748,False
sac_main_seq_mean,Oculomotor (Pupil/Gaze),Kruskal-Wallis (H),0.8568818245228158,0.8358187303749623,0.6411358296433163,0.8358187303749623,8.615576092933115e-07,9.617188207772316e-07,8.756727433300342e-07,8.858844619264523e-07,0.1936886910773399,0.00010923956100393825,394,0.9995216065845748,False
delta_HRV_LF_HF,Personalized Delta,Kruskal-Wallis (H),0.6861367282656374,0.8764597849580257,0.9982736200412782,0.8764597849580257,0.571722712117579,0.515084727365887,0.4665453761339933,0.5325987227674676,-0.04392259605238555,0.3932156034593364,380,0.9995216065845748,False
eda_conductance_std_uS,Electrodermal (EDA),Kruskal-Wallis (H),0.6789401017476848,0.8781459119918539,0.8487487045627025,0.8781459119918539,0.4523798662995952,0.4152286584165715,0.48380496582920457,0.5074553777485921,-0.046216262733128316,0.3676894952802918,382,0.9995216065845748,False
ecg_rr_lf_hf_ratio,Cardiovascular (ECG/HRV),Kruskal-Wallis (H),0.5581545254422053,0.9059414580764796,0.9910296867121425,0.9059414580764796,3.7148124558466766,3.7193585369303026,3.6121839906377815,3.7282523536592005,-0.19526203288770552,8.46209566261111e-05,400,0.9995216065845748,False
ecg_rr_lf_power,Cardiovascular (ECG/HRV),Kruskal-Wallis (H),0.45917274669727703,0.9277649346050272,0.6608688860833958,0.9277649346050272,3563.65463140442,2563.5614823670353,3616.9925213788542,2492.7762879669276,0.07370408565053531,0.14116391214046461,400,0.9995216065845748,False
pupil_diam_mean_mm,Oculomotor (Pupil/Gaze),ANOVA (F),0.11203961564905607,0.9530425049097901,0.9530425049097901,0.935758839080233,3.580106440499365,3.6076795014126106,3.6313069662348556,3.5939223241026044,0.19466320834353154,0.00010068178478100747,394,0.9995216065845748,False
delta_HRV_RMSSD,Personalized Delta,Kruskal-Wallis (H),0.31658009949546795,0.9568806398946588,0.9772808970856095,0.9568806398946588,-14.469707016652288,-12.971094254307102,-8.286366183166491,-13.264486641736099,0.3444114883820839,4.738656064540538e-12,381,0.9995216065845748,False
ecg_rr_rmssd_ms,Cardiovascular (ECG/HRV),Kruskal-Wallis (H),0.3111419345414106,0.957919542895279,0.940516177229167,0.957919542895279,73.70737951308854,70.8295912441266,77.58042824166677,75.03061039156209,0.18274667808091713,0.00023405493019845264,401,0.9995216065845748,False
sac_main_seq_stdev,Oculomotor (Pupil/Gaze),Kruskal-Wallis (H),0.29345309222026117,0.9612550375566536,0.741019196272179,0.9612550375566536,7.487847529451897e-08,1.117994139157214e-07,8.910099613373067e-08,8.192644081151798e-08,0.18034190507628928,0.00032085454144675687,394,0.9995216065845748,False
ecg_rr_pnn50,Cardiovascular (ECG/HRV),Kruskal-Wallis (H),0.2175424517301482,0.9747088654086795,0.9983213755497021,0.9747088654086795,21.0428910630756,20.78259238454545,20.915637047842356,20.555912549787752,0.056514147918026794,0.25887055099348394,401,0.9995216065845748,False
ecg_rr_hf_power,Cardiovascular (ECG/HRV),Kruskal-Wallis (H),0.20997599681822976,0.9759629877019018,0.9027956878264705,0.9759629877019018,1904.9534061891543,1714.3232853876168,2152.113886750409,1795.8441376160613,0.15027281420508878,0.002585267738667227,400,0.9995216065845748,False
eda_phasic_energy,Electrodermal (EDA),Kruskal-Wallis (H),0.08405579474015212,0.9936795916517314,0.5048102321654617,0.9936795916517314,0.03484796920596541,0.016719938491455456,0.00873590902323309,0.021985829398830287,-0.07126310932183878,0.16452040150706884,382,0.9995216065845748,False
rest_EDA_conductance,Oculomotor (Pupil/Gaze),Kruskal-Wallis (H),0.06839790559263438,0.9953388938387091,0.9880196655281959,0.9953388938387091,3.629607165475221,3.5755555626267546,3.4204563978321723,3.5779306401360262,-0.16957830458955023,0.0007969552621765557,388,0.9995216065845748,False
rest_EDA_tonic,Oculomotor (Pupil/Gaze),Kruskal-Wallis (H),0.06839790559263438,0.9953388938387091,0.9880214623393474,0.9953388938387091,3.629632214411682,3.5755808847422688,3.420494580491844,3.5779558617262976,-0.16957830458955023,0.0007969552621765557,388,0.9995216065845748,False
rest_HRV_RMSSD,Cardiovascular (ECG/HRV),Kruskal-Wallis (H),0.05914883463687086,0.9962412388737407,0.9986488323314145,0.9962412388737407,89.30803454485813,89.22549968048916,86.79930457281932,88.96306207357276,-0.08142225064338257,0.10930663371008867,388,0.9995216065845748,False
rest_HRV_LF_HF,Cardiovascular (ECG/HRV),Kruskal-Wallis (H),0.04942820685666465,0.9971202799371217,0.999296755936156,0.9971202799371217,3.2114836810217895,3.1729535222963134,3.247546030021139,3.218784099212371,-0.10967475050880383,0.030781087630575157,388,0.9995216065845748,False
rest_HRV_SDNN,Cardiovascular (ECG/HRV),Kruskal-Wallis (H),0.04423817198995978,0.9975579298369794,0.9992863285973378,0.9975579298369794,93.87795087928639,93.44883474196051,92.31183540345997,93.64609612507203,-0.07639358232014407,0.1330661758553944,388,0.9995216065845748,False
rest_HR,Cardiovascular (ECG/HRV),Kruskal-Wallis (H),0.03794708222069837,0.9980562174005561,0.9984429009398869,0.9980562174005561,69.10137054666036,68.89851677925441,69.11909361745825,68.88065612332161,0.10248671042868052,0.043637520486080016,388,0.9995216065845748,False
pupil_diam_mean_L,Oculomotor (Pupil/Gaze),ANOVA (F),0.004938518550647572,0.9995216065845748,0.9995216065845748,0.9812460035105162,3.414077041155651,3.4028672026191065,3.4072265623354845,3.404664931711117,0.14201357398370473,0.004738988949909396,394,0.9995216065845748,False
