Feature,VIF,Round
delta_HR,1.7486382473330946,1
delta_HRV_SDNN,31.461932869088088,1
delta_HRV_RMSSD,31.750097737201756,1
delta_HRV_LF_HF,1.9990418234200897,1
delta_EDA_tonic,5686170.848373713,1
delta_EDA_conductance,5686190.379633491,1
delta_EMG_flexor,7.470561487472465,1
delta_EMG_extensor,38.62398390339667,1
delta_pupil_diam,1.9613406553599726,1
overall_gaze_entropy_LY,27.611851753806615,1
gaze_entropy_y,2.1015029598644155,1
psd_max_LY,21.505168116659338,1
pupil_diam_kurt,1.4563009020619666,1
overall_gaze_entropy_RY,29.947378768452424,1
psd_max_RY,23.793919774128057,1
pupil_diam_kurt_R,107.22383582825769,1
fix_dur_skew,23.52249384916948,1
overall_gaze_entropy_RZ,98.05791100458768,1
pupil_diam_skew_R,66.27458580094714,1
pupil_diam_kurt_L,92.74243432268881,1
psd_max_RZ,34.35966309949505,1
fix_density_kurt,18.139264323157583,1
fix_density_skew,28.812202895917025,1
overall_gaze_entropy_LZ,91.2328613158661,1
psd_max_LZ,25.39041352150445,1
pupil_diam_stdev_R,12.022248899857503,1
pupil_diam_std_mm,5.684694109028412,1
pupil_diam_skew_L,59.37815922018865,1
fix_density_mean,29.185256398745153,1
pupil_diam_skew,1.830229082815565,1
fix_dur_stdev,2.3918314315584324,1
fix_dur_kurt,21.189033259667866,1
emg_extensor_rms_mV,37.00222204198257,1
fix_density_stdev,22.69859167578897,1
eyes_closed_fraction_R,6.453300011962289,1
emg_flexor_rms_mV,7.0428109587275305,1
eyes_closed_fraction_L,11.267398282649403,1
delta_HR,1.7371801760817907,2
delta_HRV_SDNN,31.45498046835174,2
delta_HRV_RMSSD,31.74672266829824,2
delta_HRV_LF_HF,1.998962112283952,2
delta_EDA_tonic,1.4519941194744581,2
delta_EMG_flexor,7.470546215416242,2
delta_EMG_extensor,38.62200568290931,2
delta_pupil_diam,1.960901762665542,2
overall_gaze_entropy_LY,27.49666745861002,2
gaze_entropy_y,2.0555131128252215,2
psd_max_LY,21.425745648872073,2
pupil_diam_kurt,1.4547249614506763,2
overall_gaze_entropy_RY,29.899673201160837,2
psd_max_RY,23.75887732985065,2
pupil_diam_kurt_R,106.08224016472512,2
fix_dur_skew,23.521885075378368,2
overall_gaze_entropy_RZ,96.16245961506026,2
pupil_diam_skew_R,66.04762624844507,2
pupil_diam_kurt_L,91.89612506630343,2
psd_max_RZ,34.24765156410211,2
fix_density_kurt,18.12708982584065,2
fix_density_skew,28.750076291460214,2
overall_gaze_entropy_LZ,89.27818394564403,2
psd_max_LZ,25.389148422532294,2
pupil_diam_stdev_R,11.982624081902868,2
pupil_diam_std_mm,5.675482602259798,2
pupil_diam_skew_L,59.192257910797835,2
fix_density_mean,29.163430215296472,2
pupil_diam_skew,1.82894826876801,2
fix_dur_stdev,2.3918162716854097,2
fix_dur_kurt,21.185494309875594,2
emg_extensor_rms_mV,37.0011454032125,2
fix_density_stdev,22.68733767564006,2
eyes_closed_fraction_R,6.452687881976408,2
emg_flexor_rms_mV,7.037709694927299,2
eyes_closed_fraction_L,11.25219776394646,2
delta_HR,1.7225457783943219,3
delta_HRV_SDNN,30.947843998678103,3
delta_HRV_RMSSD,31.06941728256063,3
delta_HRV_LF_HF,1.984607278672202,3
delta_EDA_tonic,1.444568698127277,3
delta_EMG_flexor,7.452555340077429,3
delta_EMG_extensor,38.58089133861755,3
delta_pupil_diam,1.9340296185095225,3
overall_gaze_entropy_LY,27.022695054886263,3
gaze_entropy_y,2.0185419166091725,3
psd_max_LY,21.371978136283797,3
pupil_diam_kurt,1.4456644794694793,3
overall_gaze_entropy_RY,29.444142684420537,3
psd_max_RY,23.701543764145104,3
fix_dur_skew,23.451991539830697,3
overall_gaze_entropy_RZ,70.78076619645027,3
pupil_diam_skew_R,14.900485344183267,3
pupil_diam_kurt_L,32.168068006382285,3
psd_max_RZ,26.348307804473333,3
fix_density_kurt,17.745326089718375,3
fix_density_skew,27.826554388175786,3
overall_gaze_entropy_LZ,76.5579591039696,3
psd_max_LZ,24.360945692922165,3
pupil_diam_stdev_R,11.080150379971503,3
pupil_diam_std_mm,5.151069421661249,3
pupil_diam_skew_L,29.056585337634186,3
fix_density_mean,28.44148918271865,3
pupil_diam_skew,1.8190488639035542,3
fix_dur_stdev,2.3795293172828798,3
fix_dur_kurt,21.14040425966725,3
emg_extensor_rms_mV,36.859527236875216,3
fix_density_stdev,22.252536387194624,3
eyes_closed_fraction_R,6.377031488923877,3
emg_flexor_rms_mV,7.035830195729121,3
eyes_closed_fraction_L,10.943219304466217,3
delta_HR,1.7150607840737961,4
delta_HRV_SDNN,30.40619322873042,4
delta_HRV_RMSSD,30.65905957153902,4
delta_HRV_LF_HF,1.9742521075774877,4
delta_EDA_tonic,1.4387021126168096,4
delta_EMG_flexor,7.4525530841637115,4
delta_EMG_extensor,38.56359552154061,4
delta_pupil_diam,1.9307445095151072,4
overall_gaze_entropy_LY,26.91595548686958,4
gaze_entropy_y,1.9834091962984273,4
psd_max_LY,21.255226387584937,4
pupil_diam_kurt,1.4454101265958204,4
overall_gaze_entropy_RY,28.527288876861277,4
psd_max_RY,22.910532653802196,4
fix_dur_skew,23.444985488622024,4
overall_gaze_entropy_RZ,28.489342219998147,4
pupil_diam_skew_R,14.391690103852248,4
pupil_diam_kurt_L,26.717011063457676,4
psd_max_RZ,25.14279609288117,4
fix_density_kurt,17.21975633024865,4
fix_density_skew,27.46416441256154,4
psd_max_LZ,15.278147639383041,4
pupil_diam_stdev_R,10.666456324029715,4
pupil_diam_std_mm,5.0510206580069585,4
pupil_diam_skew_L,27.574441225890087,4
fix_density_mean,27.928423133291293,4
pupil_diam_skew,1.8044249738173959,4
fix_dur_stdev,2.371529535672688,4
fix_dur_kurt,21.107787450019398,4
emg_extensor_rms_mV,36.846007778494084,4
fix_density_stdev,20.955795970454176,4
eyes_closed_fraction_R,6.18278967943642,4
emg_flexor_rms_mV,7.011126884856996,4
eyes_closed_fraction_L,10.528106248304425,4
delta_HR,1.6437677634677506,5
delta_HRV_SDNN,30.38324225757666,5
delta_HRV_RMSSD,29.70728362436937,5
delta_HRV_LF_HF,1.9395973583977482,5
delta_EDA_tonic,1.4183013476771558,5
delta_EMG_flexor,5.504539195365582,5
delta_pupil_diam,1.9103299125602964,5
overall_gaze_entropy_LY,26.403777563488468,5
gaze_entropy_y,1.9828373111739979,5
psd_max_LY,20.99131236553854,5
pupil_diam_kurt,1.4241125210024483,5
overall_gaze_entropy_RY,28.127927906346674,5
psd_max_RY,22.887621715598875,5
fix_dur_skew,23.444658384816258,5
overall_gaze_entropy_RZ,28.126822549902187,5
pupil_diam_skew_R,14.377235240583532,5
pupil_diam_kurt_L,26.326589727647452,5
psd_max_RZ,25.127373481758188,5
fix_density_kurt,17.185288139978812,5
fix_density_skew,27.364135101745575,5
psd_max_LZ,15.271434616990911,5
pupil_diam_stdev_R,10.404665163778137,5
pupil_diam_std_mm,4.917924953100322,5
pupil_diam_skew_L,27.370816124387275,5
fix_density_mean,27.720780708422765,5
pupil_diam_skew,1.7491668808824252,5
fix_dur_stdev,2.348279281744612,5
fix_dur_kurt,21.10775376138805,5
emg_extensor_rms_mV,3.1463764397670144,5
fix_density_stdev,20.954190721505395,5
eyes_closed_fraction_R,6.177234826195222,5
emg_flexor_rms_mV,5.678134703559858,5
eyes_closed_fraction_L,10.526065092871562,5
delta_HR,1.6311006169453706,6
delta_HRV_RMSSD,1.6135082186145673,6
delta_HRV_LF_HF,1.458345923780412,6
delta_EDA_tonic,1.4041214266995974,6
delta_EMG_flexor,5.502311521411519,6
delta_pupil_diam,1.8396795490231992,6
overall_gaze_entropy_LY,26.347865995295756,6
gaze_entropy_y,1.9814045459944498,6
psd_max_LY,20.984444535511077,6
pupil_diam_kurt,1.4159632679843992,6
overall_gaze_entropy_RY,28.119875520099097,6
psd_max_RY,22.841991055641913,6
fix_dur_skew,23.42074460347645,6
overall_gaze_entropy_RZ,28.067629051730965,6
pupil_diam_skew_R,14.206187762842234,6
pupil_diam_kurt_L,25.763533714468508,6
psd_max_RZ,25.03240201614798,6
fix_density_kurt,17.185128291199042,6
fix_density_skew,27.362870783279178,6
psd_max_LZ,15.270972872902226,6
pupil_diam_stdev_R,10.394914709186343,6
pupil_diam_std_mm,4.913314180675563,6
pupil_diam_skew_L,27.306166363428883,6
fix_density_mean,27.53566317014555,6
pupil_diam_skew,1.7491655031662354,6
fix_dur_stdev,2.348245893058783,6
fix_dur_kurt,21.07627481019338,6
emg_extensor_rms_mV,3.145461665572265,6
fix_density_stdev,20.909317367761187,6
eyes_closed_fraction_R,6.162955716273629,6
emg_flexor_rms_mV,5.675528772440108,6
eyes_closed_fraction_L,10.520295127024697,6
delta_HR,1.6254371819658273,7
delta_HRV_RMSSD,1.5685616106631528,7
delta_HRV_LF_HF,1.4386322507156353,7
delta_EDA_tonic,1.3939118233936312,7
delta_EMG_flexor,5.446215488627095,7
delta_pupil_diam,1.7512153118992946,7
overall_gaze_entropy_LY,7.778987646940936,7
gaze_entropy_y,1.9782915202731228,7
psd_max_LY,12.405108376149757,7
pupil_diam_kurt,1.415876035490256,7
psd_max_RY,8.535290529085366,7
fix_dur_skew,23.42069115689141,7
overall_gaze_entropy_RZ,27.170131639890176,7
pupil_diam_skew_R,13.631873779030233,7
pupil_diam_kurt_L,25.081181897333497,7
psd_max_RZ,25.031036949954743,7
fix_density_kurt,17.15146957498053,7
fix_density_skew,27.3457533002739,7
psd_max_LZ,15.066911687165385,7
pupil_diam_stdev_R,9.973707601217734,7
pupil_diam_std_mm,4.902414958006931,7
pupil_diam_skew_L,24.45841951881747,7
fix_density_mean,27.44128118960779,7
pupil_diam_skew,1.7190076995247634,7
fix_dur_stdev,2.324597910522103,7
fix_dur_kurt,21.071200423877553,7
emg_extensor_rms_mV,3.001123109106655,7
fix_density_stdev,20.801201886871038,7
eyes_closed_fraction_R,6.137010535792341,7
emg_flexor_rms_mV,5.57758428827771,7
eyes_closed_fraction_L,10.520258301220643,7
delta_HR,1.6254370918276662,8
delta_HRV_RMSSD,1.5495294196800626,8
delta_HRV_LF_HF,1.434858913885188,8
delta_EDA_tonic,1.3938610388974255,8
delta_EMG_flexor,5.440981307214179,8
delta_pupil_diam,1.7468489455595997,8
overall_gaze_entropy_LY,7.755833780821761,8
gaze_entropy_y,1.9766010106984104,8
psd_max_LY,12.143361604650016,8
pupil_diam_kurt,1.4037277815610254,8
psd_max_RY,8.516137969493343,8
fix_dur_skew,23.4120419627876,8
overall_gaze_entropy_RZ,25.256016381585344,8
pupil_diam_skew_R,13.516596189869976,8
pupil_diam_kurt_L,24.754787705780707,8
psd_max_RZ,24.662434483662107,8
fix_density_kurt,14.717164062828013,8
fix_density_skew,24.14633432051239,8
psd_max_LZ,12.27132360575517,8
pupil_diam_stdev_R,9.968396515201473,8
pupil_diam_std_mm,4.8998881235198715,8
pupil_diam_skew_L,24.456975695191765,8
pupil_diam_skew,1.6907678124820444,8
fix_dur_stdev,2.299311166984667,8
fix_dur_kurt,21.02693446567588,8
emg_extensor_rms_mV,2.9589590490049416,8
fix_density_stdev,5.643277871067446,8
eyes_closed_fraction_R,6.025012173281106,8
emg_flexor_rms_mV,5.5675579609876005,8
eyes_closed_fraction_L,10.380138309598912,8
delta_HR,1.5956855486140695,9
delta_HRV_RMSSD,1.5490169793431299,9
delta_HRV_LF_HF,1.4271541980132558,9
delta_EDA_tonic,1.3812035151527544,9
delta_EMG_flexor,5.359820115591441,9
delta_pupil_diam,1.7401349337704335,9
overall_gaze_entropy_LY,7.750778274913193,9
gaze_entropy_y,1.9665478655814141,9
psd_max_LY,11.942693962072228,9
pupil_diam_kurt,1.378749212791375,9
psd_max_RY,8.340795502198194,9
fix_dur_skew,23.1679015426448,9
pupil_diam_skew_R,12.698117124266302,9
pupil_diam_kurt_L,9.480121855210209,9
psd_max_RZ,13.116694741760055,9
fix_density_kurt,13.824632566973506,9
fix_density_skew,22.328373869680604,9
psd_max_LZ,12.239016127701197,9
pupil_diam_stdev_R,9.9274507396202,9
pupil_diam_std_mm,4.872943945093786,9
pupil_diam_skew_L,16.992930784897272,9
pupil_diam_skew,1.6165027690072147,9
fix_dur_stdev,2.2401375184355543,9
fix_dur_kurt,20.960473257565244,9
emg_extensor_rms_mV,2.8661134608520564,9
fix_density_stdev,5.616399463725371,9
eyes_closed_fraction_R,6.004294501217669,9
emg_flexor_rms_mV,5.558381515482251,9
eyes_closed_fraction_L,9.89397065117137,9
delta_HR,1.5939924259451133,10
delta_HRV_RMSSD,1.5465066447315348,10
delta_HRV_LF_HF,1.3548474262260217,10
delta_EDA_tonic,1.3787421218193692,10
delta_EMG_flexor,5.35280928637137,10
delta_pupil_diam,1.6794073024010143,10
overall_gaze_entropy_LY,7.661941797600455,10
gaze_entropy_y,1.9618729513239632,10
psd_max_LY,11.823066307800048,10
pupil_diam_kurt,1.3783566875891005,10
psd_max_RY,7.96070712688342,10
pupil_diam_skew_R,12.588330189209058,10
pupil_diam_kurt_L,9.38693684786499,10
psd_max_RZ,12.904091727021216,10
fix_density_kurt,13.818611440752159,10
fix_density_skew,22.327008633797902,10
psd_max_LZ,12.089652670623392,10
pupil_diam_stdev_R,9.925651170721888,10
pupil_diam_std_mm,4.7999771283396635,10
pupil_diam_skew_L,16.99197241833944,10
pupil_diam_skew,1.6009532732436749,10
fix_dur_stdev,2.2026010734467127,10
fix_dur_kurt,1.8940520767487472,10
emg_extensor_rms_mV,2.8391200036275683,10
fix_density_stdev,5.5477396603414775,10
eyes_closed_fraction_R,5.924925588062828,10
emg_flexor_rms_mV,5.557790193201986,10
eyes_closed_fraction_L,9.83118422338506,10
delta_HR,1.5841675506693684,11
delta_HRV_RMSSD,1.5435133293432317,11
delta_HRV_LF_HF,1.347727073761848,11
delta_EDA_tonic,1.377034368954305,11
delta_EMG_flexor,5.340358538439922,11
delta_pupil_diam,1.6251350113819194,11
overall_gaze_entropy_LY,7.661123236076791,11
gaze_entropy_y,1.952001621186482,11
psd_max_LY,11.761418351384421,11
pupil_diam_kurt,1.3755935785090088,11
psd_max_RY,7.804935651165439,11
pupil_diam_skew_R,12.228310941388523,11
pupil_diam_kurt_L,8.30039570092992,11
psd_max_RZ,12.89688911962739,11
fix_density_kurt,1.526881832881451,11
psd_max_LZ,11.820678878657038,11
pupil_diam_stdev_R,9.925596603661472,11
pupil_diam_std_mm,4.778597490576436,11
pupil_diam_skew_L,16.895757764627497,11
pupil_diam_skew,1.5992726287201404,11
fix_dur_stdev,2.2024653203312203,11
fix_dur_kurt,1.8906433026779448,11
emg_extensor_rms_mV,2.8069711053874706,11
fix_density_stdev,4.413126529768323,11
eyes_closed_fraction_R,5.884353306895983,11
emg_flexor_rms_mV,5.488061025653145,11
eyes_closed_fraction_L,9.590549983335794,11
delta_HR,1.5085089485964815,12
delta_HRV_RMSSD,1.5394932181723824,12
delta_HRV_LF_HF,1.322866509415099,12
delta_EDA_tonic,1.3645300970530394,12
delta_EMG_flexor,5.338169286535304,12
delta_pupil_diam,1.6203191144962088,12
overall_gaze_entropy_LY,7.097962806293613,12
gaze_entropy_y,1.9332812272377533,12
psd_max_LY,10.25824517377788,12
pupil_diam_kurt,1.3715448917571857,12
psd_max_RY,7.467839920133817,12
pupil_diam_skew_R,7.302748545541701,12
pupil_diam_kurt_L,6.780748349217897,12
psd_max_RZ,12.87286405657128,12
fix_density_kurt,1.5240204300354716,12
psd_max_LZ,11.181742077540232,12
pupil_diam_stdev_R,8.858895288780154,12
pupil_diam_std_mm,4.274060582601885,12
pupil_diam_skew,1.5820978104793242,12
fix_dur_stdev,2.2018143315894374,12
fix_dur_kurt,1.8889051604784617,12
emg_extensor_rms_mV,2.7910743825707667,12
fix_density_stdev,4.3465109731807985,12
eyes_closed_fraction_R,5.873838252029896,12
emg_flexor_rms_mV,5.482492748071592,12
eyes_closed_fraction_L,8.868512043113908,12
delta_HR,1.505759018045976,13
delta_HRV_RMSSD,1.5366570864689635,13
delta_HRV_LF_HF,1.3039619028277103,13
delta_EDA_tonic,1.3319236814817055,13
delta_EMG_flexor,5.252270899354101,13
delta_pupil_diam,1.5943952629919382,13
overall_gaze_entropy_LY,7.064206852146281,13
gaze_entropy_y,1.9327898375360246,13
psd_max_LY,10.2442529060692,13
pupil_diam_kurt,1.3715257878728881,13
psd_max_RY,7.456279466617333,13
pupil_diam_skew_R,6.4853299539094635,13
pupil_diam_kurt_L,6.526856696112207,13
fix_density_kurt,1.5239868277915358,13
psd_max_LZ,5.651680615225554,13
pupil_diam_stdev_R,5.952928938006602,13
pupil_diam_std_mm,3.0719165526848218,13
pupil_diam_skew,1.5645871516262686,13
fix_dur_stdev,2.1233588660364533,13
fix_dur_kurt,1.8393995015543392,13
emg_extensor_rms_mV,2.7860518207633693,13
fix_density_stdev,4.336989844668939,13
eyes_closed_fraction_R,4.751431350177552,13
emg_flexor_rms_mV,5.4819648292311705,13
eyes_closed_fraction_L,6.448116092299962,13
delta_HR,1.449228891236542,14
delta_HRV_RMSSD,1.534979531527002,14
delta_HRV_LF_HF,1.2923534973454711,14
delta_EDA_tonic,1.3236065346639654,14
delta_EMG_flexor,5.2521908353060125,14
delta_pupil_diam,1.5663082820389338,14
overall_gaze_entropy_LY,4.992271475118665,14
gaze_entropy_y,1.932474328094736,14
pupil_diam_kurt,1.3714114232225576,14
psd_max_RY,4.84456322557144,14
pupil_diam_skew_R,6.214014996514322,14
pupil_diam_kurt_L,6.037661463774137,14
fix_density_kurt,1.5224733539163766,14
psd_max_LZ,5.632793608298191,14
pupil_diam_stdev_R,5.9513600539596965,14
pupil_diam_std_mm,2.990124879127504,14
pupil_diam_skew,1.5585807573833421,14
fix_dur_stdev,2.1173810066737553,14
fix_dur_kurt,1.8171786767033442,14
emg_extensor_rms_mV,2.7829780557230817,14
fix_density_stdev,4.336538560138168,14
eyes_closed_fraction_R,4.640732723045257,14
emg_flexor_rms_mV,5.467245063768842,14
eyes_closed_fraction_L,6.269080601339662,14
